{
  "mlp": {
    "acc": 0.9872801303863525,
    "mse": 0.005994329694658518,
    "mse_sigma_5": 0.0013954541645944118,
    "mse_sigma_10": 0.003221389139071107,
    "mse_sigma_20": 0.011833186261355877
  },
  "rnn": {
    "acc": 0.9788002371788025,
    "mse": 0.012733282521367073,
    "mse_sigma_5": 0.005701503250747919,
    "mse_sigma_10": 0.009373929351568222,
    "mse_sigma_20": 0.02078048698604107
  },
  "lstm": {
    "acc": 0.9858668446540833,
    "mse": 0.010069619864225388,
    "mse_sigma_5": 0.005186902359127998,
    "mse_sigma_10": 0.006918857805430889,
    "mse_sigma_20": 0.016475524753332138
  }
}