{
  "mlp": {
    "acc": 0.9868090748786926,
    "mse": 0.005729957018047571,
    "mse_sigma_5": 0.0011834698962047696,
    "mse_sigma_10": 0.0031105780508369207,
    "mse_sigma_20": 0.011380327865481377
  },
  "rnn": {
    "acc": 0.9788002371788025,
    "mse": 0.012733281590044498,
    "mse_sigma_5": 0.00570150138810277,
    "mse_sigma_10": 0.009373929351568222,
    "mse_sigma_20": 0.02078048698604107
  },
  "lstm": {
    "acc": 0.9858668446540833,
    "mse": 0.010069617070257664,
    "mse_sigma_5": 0.005186900496482849,
    "mse_sigma_10": 0.006918856408447027,
    "mse_sigma_20": 0.01647552102804184
  }
}